Date,Korea,China,Taiwan,Hong Kong,Thailand,USA,Europe, Grand Total 
Jan-96," 51,814 "," 1,538 "," 24,891 "," 4,212 ", 708 ," 14,482 "," 9,599 "," 276,086 "
Feb-96," 41,380 "," 1,400 "," 55,635 "," 16,050 "," 1,475 "," 15,117 "," 12,083 "," 283,667 "
Mar-96," 35,576 "," 1,945 "," 44,421 "," 9,900 "," 2,081 "," 24,431 "," 18,023 "," 310,702 "
Apr-96," 41,980 "," 2,179 "," 56,436 "," 12,083 "," 5,617 "," 25,721 "," 17,853 "," 329,303 "
May-96," 45,169 "," 2,181 "," 54,288 "," 8,475 "," 2,405 "," 25,643 "," 13,797 "," 326,156 "
Jun-96," 39,452 "," 2,289 "," 57,163 "," 14,037 "," 1,378 "," 27,618 "," 12,888 "," 316,699 "
Jul-96," 62,764 "," 2,956 "," 81,947 "," 19,132 "," 1,659 "," 27,646 "," 19,916 "," 377,070 "
Aug-96," 70,499 "," 2,881 "," 59,920 "," 16,888 "," 1,236 "," 20,288 "," 16,853 "," 345,020 "
Sep-96," 39,335 "," 3,111 "," 48,245 "," 7,336 "," 1,514 "," 21,625 "," 13,919 "," 311,881 "
Oct-96," 46,401 "," 3,391 "," 64,067 "," 7,798 "," 4,546 "," 31,443 "," 19,774 "," 366,841 "
Nov-96," 42,493 "," 3,234 "," 46,691 "," 7,059 "," 1,746 "," 22,210 "," 16,195 "," 316,551 "
Dec-96," 48,171 "," 2,186 "," 34,488 "," 10,730 "," 2,095 "," 21,578 "," 14,947 "," 277,137 "
Jan-97," 63,078 "," 1,592 "," 28,869 "," 7,252 ", 774 ," 15,874 "," 11,069 "," 302,148 "
Feb-97," 45,225 "," 1,467 "," 62,532 "," 21,185 "," 2,296 "," 15,302 "," 14,213 "," 309,318 "
Mar-97," 40,207 "," 2,650 "," 59,136 "," 20,234 "," 2,288 "," 26,008 "," 22,950 "," 355,228 "
Apr-97," 46,012 "," 2,675 "," 67,127 "," 13,493 "," 7,577 "," 26,881 "," 20,253 "," 364,875 "
May-97," 46,758 "," 2,614 "," 59,279 "," 14,887 "," 3,278 "," 27,774 "," 17,737 "," 350,961 "
Jun-97," 42,544 "," 2,334 "," 64,609 "," 19,471 "," 1,357 "," 27,637 "," 15,084 "," 345,070 "
Jul-97," 64,169 "," 3,943 "," 95,774 "," 23,150 "," 1,453 "," 27,505 "," 22,772 "," 407,510 "
Aug-97," 76,104 "," 3,350 "," 67,890 "," 30,992 "," 1,140 "," 21,931 "," 22,050 "," 395,056 "
Sep-97," 40,507 "," 3,055 "," 61,654 "," 16,324 ", 865 ," 20,290 "," 17,098 "," 345,382 "
Oct-97," 49,969 "," 3,990 "," 73,791 "," 17,289 "," 3,029 "," 31,801 "," 23,641 "," 419,235 "
Nov-97," 41,747 "," 3,514 "," 47,476 "," 15,290 "," 1,175 "," 21,209 "," 19,188 "," 342,434 "
Dec-97," 30,979 "," 2,247 "," 37,648 "," 28,342 "," 1,285 "," 21,517 "," 17,607 "," 280,991 "
Jan-98," 25,939 "," 1,720 "," 61,963 "," 31,368 ", 759 ," 16,388 "," 15,555 "," 324,913 "
Feb-98," 24,397 "," 2,190 "," 50,668 "," 16,554 ", 583 ," 19,741 "," 21,276 "," 284,792 "
Mar-98," 26,124 "," 2,840 "," 40,423 "," 25,412 "," 1,467 "," 24,539 "," 24,535 "," 325,185 "
Apr-98," 28,891 "," 2,891 "," 59,948 "," 27,768 "," 3,207 "," 28,990 "," 25,276 "," 349,854 "
May-98," 29,440 "," 2,737 "," 50,924 "," 18,809 "," 1,454 "," 29,834 "," 16,580 "," 320,277 "
Jun-98," 26,907 "," 2,725 "," 68,681 "," 23,969 ", 863 ," 33,744 "," 15,699 "," 333,460 "
Jul-98," 39,260 "," 4,366 "," 91,987 "," 42,507 "," 1,072 "," 34,485 "," 25,600 "," 399,305 "
Aug-98," 42,661 "," 3,467 "," 88,227 "," 44,123 "," 1,154 "," 25,615 "," 25,909 "," 401,594 "
Sep-98," 27,393 "," 3,024 "," 53,333 "," 29,107 ", 998 ," 23,799 "," 18,545 "," 330,401 "
Oct-98," 34,961 "," 3,994 "," 75,996 "," 27,780 "," 2,464 "," 39,297 "," 27,177 "," 405,150 "
Nov-98," 33,456 "," 3,306 "," 57,005 "," 12,213 "," 1,196 "," 24,906 "," 17,794 "," 328,978 "
Dec-98," 40,850 "," 2,356 "," 44,934 "," 19,217 "," 2,597 "," 27,443 "," 18,092 "," 302,148 "
Jan-99," 42,485 "," 2,024 "," 38,191 "," 9,660 ", 686 ," 17,530 "," 12,748 "," 308,764 "
Feb-99," 37,381 "," 2,449 "," 79,831 "," 27,422 "," 1,063 "," 19,135 "," 15,339 "," 330,460 "
Mar-99," 34,518 "," 3,108 "," 51,749 "," 15,191 "," 1,990 "," 32,180 "," 24,459 "," 353,512 "
Apr-99," 39,851 "," 3,112 "," 83,132 "," 15,971 "," 6,332 "," 33,983 "," 23,397 "," 388,777 "
May-99," 35,841 "," 2,606 "," 70,874 "," 12,929 "," 2,438 "," 32,716 "," 18,310 "," 364,474 "
Jun-99," 35,822 "," 2,851 "," 82,810 "," 20,919 "," 1,229 "," 40,828 "," 16,181 "," 379,914 "
Jul-99," 56,048 "," 4,192 "," 111,248 "," 30,079 "," 1,470 "," 38,545 "," 26,157 "," 446,236 "
Aug-99," 64,439 "," 3,812 "," 80,820 "," 27,743 "," 1,156 "," 29,505 "," 26,227 "," 418,094 "
Sep-99," 37,365 "," 2,734 "," 61,766 "," 14,756 "," 1,381 "," 24,899 "," 20,473 "," 360,579 "
Oct-99," 43,415 "," 4,007 "," 61,740 "," 13,452 "," 3,737 "," 35,858 "," 29,835 "," 410,942 "
Nov-99," 40,746 "," 3,435 "," 61,061 "," 10,987 "," 1,234 "," 25,976 "," 19,563 "," 358,193 "
Dec-99," 48,142 "," 2,823 "," 46,747 "," 16,354 "," 1,539 "," 25,726 "," 17,999 "," 317,918 "
Jan-00," 53,461 "," 2,674 "," 36,958 "," 9,026 ", 731 ," 17,612 "," 14,004 "," 335,621 "
Feb-00," 43,734 "," 2,793 "," 84,653 "," 23,896 "," 1,213 "," 17,848 "," 16,285 "," 360,621 "
Mar-00," 40,126 "," 3,411 "," 52,813 "," 14,241 "," 2,253 "," 31,291 "," 20,454 "," 365,689 "
Apr-00," 45,335 "," 3,342 "," 86,612 "," 21,646 "," 7,410 "," 35,550 "," 30,656 "," 443,028 "
May-00," 44,268 "," 3,211 "," 61,699 "," 11,375 "," 2,661 "," 34,461 "," 18,319 "," 381,053 "
Jun-00," 43,448 "," 3,019 "," 76,891 "," 18,936 "," 1,506 "," 44,820 "," 17,812 "," 400,139 "
Jul-00," 68,221 "," 5,376 "," 104,311 "," 25,949 "," 1,583 "," 40,559 "," 29,838 "," 483,849 "
Aug-00," 75,467 "," 4,213 "," 73,973 "," 19,443 "," 1,244 "," 29,098 "," 23,645 "," 423,361 "
Sep-00," 41,785 "," 3,853 "," 61,603 "," 14,319 "," 1,403 "," 24,947 "," 20,396 "," 379,753 "
Oct-00," 45,900 "," 5,059 "," 69,298 "," 13,947 "," 4,626 "," 37,540 "," 29,251 "," 443,862 "
Nov-00," 45,062 "," 4,660 "," 52,116 "," 12,944 "," 1,746 "," 27,444 "," 20,522 "," 378,910 "
Dec-00," 56,890 "," 3,659 "," 46,334 "," 19,593 "," 2,076 "," 28,884 "," 20,216 "," 361,260 "
Jan-01," 63,298 "," 4,967 "," 68,496 "," 27,617 "," 1,115 "," 20,465 "," 16,098 "," 416,490 "
Feb-01," 45,526 "," 2,838 "," 42,476 "," 12,908 "," 1,432 "," 18,573 "," 15,742 "," 315,483 "
Mar-01," 44,805 "," 4,544 "," 51,913 "," 24,589 "," 2,672 "," 33,176 "," 24,356 "," 401,054 "
Apr-01," 49,027 "," 5,929 "," 73,406 "," 21,243 "," 7,634 "," 39,948 "," 31,886 "," 449,934 "
May-01," 49,301 "," 6,054 "," 57,905 "," 12,035 "," 3,196 "," 34,325 "," 18,961 "," 390,515 "
Jun-01," 46,768 "," 5,818 "," 67,635 "," 18,178 "," 1,586 "," 50,217 "," 18,943 "," 403,477 "
Jul-01," 76,138 "," 9,071 "," 83,626 "," 23,057 "," 1,722 "," 42,053 "," 31,179 "," 479,822 "
Aug-01," 81,668 "," 9,165 "," 64,059 "," 21,514 "," 1,550 "," 29,897 "," 27,818 "," 433,490 "
Sep-01," 43,291 "," 6,196 "," 45,512 "," 13,775 "," 1,433 "," 21,254 "," 20,372 "," 354,578 "
Oct-01," 45,036 "," 7,357 "," 60,084 "," 13,906 "," 3,768 "," 32,834 "," 27,035 "," 403,181 "
Nov-01," 50,069 "," 5,442 "," 48,170 "," 12,931 "," 1,382 "," 23,616 "," 20,036 "," 354,484 "
Dec-01," 58,443 "," 4,737 "," 44,783 "," 25,109 "," 2,274 "," 30,751 "," 22,107 "," 369,047 "
Jan-02," 69,506 "," 3,658 "," 47,247 "," 13,778 "," 1,253 "," 20,204 "," 15,078 "," 392,588 "
Feb-02," 61,095 "," 7,361 "," 70,524 "," 38,214 "," 1,490 "," 22,467 "," 19,537 "," 400,081 "
Mar-02," 49,571 "," 6,231 "," 50,951 "," 24,405 "," 3,528 "," 41,271 "," 29,910 "," 434,034 "
Apr-02," 57,461 "," 9,586 "," 70,814 "," 17,122 "," 8,648 "," 37,687 "," 28,059 "," 460,377 "
May-02," 55,846 "," 11,634 "," 65,682 "," 16,842 "," 3,107 "," 37,161 "," 30,193 "," 438,537 "
Jun-02," 57,250 "," 4,884 "," 64,554 "," 18,400 "," 2,097 "," 47,727 "," 44,322 "," 441,123 "
Jul-02," 83,888 "," 12,747 "," 93,005 "," 30,012 "," 2,770 "," 44,993 "," 30,560 "," 516,013 "
Aug-02," 100,896 "," 11,924 "," 74,865 "," 24,150 "," 1,801 "," 32,774 "," 28,263 "," 484,771 "
Sep-02," 45,608 "," 8,579 "," 52,164 "," 15,238 "," 1,976 "," 26,632 "," 21,541 "," 401,407 "
Oct-02," 59,929 "," 10,725 "," 72,228 "," 16,118 "," 5,901 "," 40,015 "," 30,473 "," 471,813 "
Nov-02," 58,341 "," 7,675 "," 58,559 "," 15,262 "," 2,308 "," 29,374 "," 21,614 "," 404,537 "
Dec-02," 57,600 "," 6,295 "," 48,481 "," 25,753 "," 3,314 "," 32,540 "," 23,746 "," 393,682 "
Jan-03," 100,189 "," 6,767 "," 59,135 "," 21,001 "," 1,358 "," 22,012 "," 17,500 "," 450,847 "
Feb-03," 71,242 "," 9,965 "," 58,396 "," 23,020 "," 1,832 "," 19,191 "," 19,740 "," 394,869 "
Mar-03," 57,770 "," 9,228 "," 52,762 "," 15,098 "," 5,040 "," 35,003 "," 31,126 "," 456,614 "
Apr-03," 47,024 "," 6,439 "," 37,884 "," 8,993 "," 5,443 "," 28,477 "," 30,828 "," 354,054 "
May-03," 52,498 "," 1,806 "," 12,960 "," 9,693 "," 2,787 "," 25,225 "," 20,319 "," 288,562 "
Jun-03," 65,253 "," 2,470 "," 24,130 "," 20,910 "," 1,866 "," 36,899 "," 19,794 "," 352,431 "
Jul-03," 111,357 "," 6,673 "," 81,831 "," 28,396 "," 2,891 "," 36,656 "," 31,628 "," 515,692 "
Aug-03," 134,267 "," 12,208 "," 84,254 "," 30,593 "," 2,923 "," 28,036 "," 30,620 "," 550,380 "
Sep-03," 63,793 "," 9,526 "," 70,095 "," 17,761 "," 3,413 "," 24,562 "," 23,412 "," 457,574 "
Oct-03," 79,124 "," 12,573 "," 87,172 "," 15,128 "," 8,811 "," 35,515 "," 32,103 "," 527,859 "
Nov-03," 69,526 "," 9,931 "," 61,836 "," 13,315 "," 2,829 "," 27,580 "," 23,089 "," 444,435 "
Dec-03," 65,547 "," 8,405 "," 51,035 "," 24,165 "," 4,639 "," 31,518 "," 25,314 "," 418,408 "
Jan-04," 119,454 "," 20,399 "," 87,641 "," 27,522 "," 2,504 "," 24,658 "," 23,374 "," 538,334 "
Feb-04," 99,534 "," 7,710 "," 52,574 "," 9,820 "," 2,732 "," 21,929 "," 23,612 "," 417,519 "
Mar-04," 64,352 "," 15,289 "," 71,378 "," 13,541 "," 8,992 "," 39,593 "," 29,756 "," 488,778 "
Apr-04," 77,590 "," 19,552 "," 86,561 "," 29,342 "," 15,804 "," 41,793 "," 39,794 "," 546,662 "
May-04," 72,304 "," 15,439 "," 83,398 "," 19,285 "," 5,083 "," 43,616 "," 29,123 "," 500,830 "
Jun-04," 68,403 "," 13,571 "," 93,037 "," 28,092 "," 2,986 "," 52,921 "," 23,653 "," 505,003 "
Jul-04," 111,861 "," 24,990 "," 121,545 "," 32,532 "," 3,221 "," 47,686 "," 38,936 "," 610,190 "
Aug-04," 121,171 "," 17,907 "," 89,294 "," 28,934 "," 2,873 "," 32,452 "," 37,828 "," 567,869 "
Sep-04," 69,125 "," 13,650 "," 71,505 "," 19,281 "," 3,378 "," 30,348 "," 28,367 "," 481,570 "
Oct-04," 74,438 "," 17,290 "," 83,502 "," 20,713 "," 7,612 "," 41,678 "," 36,284 "," 539,353 "
Nov-04," 81,255 "," 11,947 "," 64,849 "," 16,528 "," 3,043 "," 32,768 "," 26,333 "," 486,403 "
Dec-04," 77,996 "," 11,948 "," 56,884 "," 25,902 "," 4,789 "," 36,398 "," 28,324 "," 455,394 "
Jan-05," 119,459 "," 10,904 "," 65,419 "," 15,185 "," 2,026 "," 24,293 "," 21,348 "," 516,280 "
Feb-05," 102,940 "," 24,015 "," 88,588 "," 35,276 "," 3,343 "," 26,256 "," 26,808 "," 519,460 "
Mar-05," 76,702 "," 14,468 "," 79,004 "," 24,326 "," 9,221 "," 49,033 "," 40,158 "," 557,640 "
Apr-05," 77,281 "," 16,601 "," 110,597 "," 14,771 "," 16,670 "," 47,527 "," 42,468 "," 584,406 "
May-05," 72,461 "," 13,510 "," 105,348 "," 14,039 "," 7,214 "," 45,110 "," 29,277 "," 530,752 "
Jun-05," 93,525 "," 13,583 "," 113,423 "," 20,718 "," 3,884 "," 56,465 "," 25,308 "," 551,134 "
Jul-05," 131,654 "," 25,211 "," 145,406 "," 30,102 "," 4,669 "," 52,887 "," 43,210 "," 669,172 "
Aug-05," 151,991 "," 20,770 "," 106,704 "," 25,627 "," 3,647 "," 36,389 "," 40,952 "," 618,655 "
Sep-05," 86,431 "," 15,360 "," 89,921 "," 17,680 "," 5,933 "," 31,698 "," 32,066 "," 540,462 "
Oct-05," 100,225 "," 17,373 "," 96,223 "," 19,303 "," 8,273 "," 45,539 "," 43,091 "," 599,539 "
Nov-05," 98,224 "," 14,006 "," 84,136 "," 20,320 "," 4,023 "," 35,128 "," 28,739 "," 526,229 "
Dec-05," 104,873 "," 16,139 "," 75,633 "," 31,776 "," 6,430 "," 37,562 "," 29,488 "," 514,197 "
Jan-06," 149,409 "," 27,820 "," 99,977 "," 34,442 "," 2,879 "," 26,629 "," 26,203 "," 613,596 "
Feb-06," 135,715 "," 16,021 "," 83,056 "," 25,623 "," 3,472 "," 22,560 "," 22,420 "," 513,906 "
Mar-06," 100,878 "," 21,319 "," 82,868 "," 23,632 "," 10,506 "," 44,921 "," 35,023 "," 579,197 "
Apr-06," 119,599 "," 31,362 "," 118,027 "," 32,369 "," 18,308 "," 48,365 "," 48,715 "," 672,319 "
May-06," 119,651 "," 24,829 "," 99,756 "," 21,105 "," 6,477 "," 44,301 "," 29,954 "," 586,326 "
Jun-06," 116,433 "," 21,527 "," 101,415 "," 23,154 "," 3,365 "," 57,846 "," 24,355 "," 557,600 "
Jul-06," 160,763 "," 44,444 "," 136,877 "," 33,448 "," 3,609 "," 51,967 "," 41,904 "," 701,527 "
Aug-06," 179,059 "," 37,170 "," 101,965 "," 27,939 "," 3,349 "," 36,316 "," 40,372 "," 655,488 "
Sep-06," 110,201 "," 25,644 "," 87,610 "," 19,697 "," 4,480 "," 32,056 "," 32,528 "," 573,627 "
Oct-06," 143,618 "," 29,378 "," 110,900 "," 24,215 "," 9,013 "," 50,031 "," 46,435 "," 699,605 "
Nov-06," 133,041 "," 21,885 "," 85,563 "," 21,968 "," 6,331 "," 37,215 "," 32,917 "," 595,069 "
Dec-06," 146,444 "," 21,619 "," 76,214 "," 34,836 "," 8,541 "," 38,267 "," 32,958 "," 585,817 "
Jan-07," 193,885 "," 16,228 "," 76,028 "," 20,623 "," 3,376 "," 22,929 "," 23,785 "," 617,885 "
Feb-07," 165,323 "," 41,402 "," 119,146 "," 39,073 "," 4,854 "," 24,731 "," 29,703 "," 631,278 "
Mar-07," 139,021 "," 25,183 "," 96,036 "," 27,846 "," 15,839 "," 46,753 "," 45,141 "," 684,654 "
Apr-07," 147,240 "," 34,810 "," 113,345 "," 35,493 "," 22,966 "," 47,691 "," 51,855 "," 714,014 "
May-07," 167,400 "," 28,844 "," 101,891 "," 24,786 "," 9,184 "," 44,209 "," 33,887 "," 664,489 "
Jun-07," 151,260 "," 27,192 "," 105,908 "," 31,828 "," 5,071 "," 52,326 "," 28,234 "," 631,874 "
Jul-07," 214,003 "," 60,656 "," 131,143 "," 50,055 "," 7,900 "," 51,186 "," 49,168 "," 807,737 "
Aug-07," 230,918 "," 52,202 "," 107,854 "," 38,436 "," 6,291 "," 36,606 "," 49,208 "," 757,473 "
Sep-07," 157,196 "," 34,180 "," 105,612 "," 25,668 "," 8,437 "," 36,437 "," 38,745 "," 689,183 "
Oct-07," 173,738 "," 38,697 "," 118,245 "," 28,772 "," 15,757 "," 48,621 "," 55,075 "," 785,207 "
Nov-07," 174,004 "," 26,970 "," 97,379 "," 31,134 "," 8,953 "," 36,258 "," 37,965 "," 686,747 "
Dec-07," 170,207 "," 20,922 "," 83,055 "," 45,967 "," 11,090 "," 43,806 "," 42,398 "," 676,428 "
Jan-08," 224,509 "," 32,250 "," 94,951 "," 31,597 "," 3,971 "," 24,854 "," 25,457 "," 711,350 "
Feb-08," 197,838 "," 41,635 "," 105,044 "," 53,052 "," 7,480 "," 26,670 "," 31,702 "," 696,326 "
Mar-08," 137,936 "," 33,522 "," 82,899 "," 45,517 "," 21,552 "," 53,232 "," 54,809 "," 731,619 "
Apr-08," 159,049 "," 54,451 "," 129,360 "," 33,164 "," 31,312 "," 43,518 "," 52,800 "," 779,909 "
May-08," 188,332 "," 28,309 "," 124,799 "," 35,988 "," 16,025 "," 44,284 "," 39,990 "," 736,122 "
Jun-08," 154,607 "," 25,562 "," 120,531 "," 48,659 "," 5,998 "," 52,767 "," 32,532 "," 681,563 "
Jul-08," 198,184 "," 63,073 "," 145,553 "," 62,886 "," 8,497 "," 50,009 "," 55,274 "," 825,012 "
Aug-08," 208,792 "," 49,431 "," 108,916 "," 51,285 "," 4,708 "," 33,454 "," 52,089 "," 742,022 "
Sep-08," 116,191 "," 38,990 "," 90,482 "," 35,903 "," 8,322 "," 31,324 "," 41,227 "," 641,235 "
Oct-08," 146,701 "," 35,375 "," 114,990 "," 42,137 "," 17,472 "," 42,502 "," 58,690 "," 738,832 "
Nov-08," 82,533 "," 29,649 "," 83,689 "," 32,723 "," 8,237 "," 33,422 "," 37,947 "," 553,491 "
Dec-08," 77,982 "," 23,481 "," 63,211 "," 40,274 "," 9,967 "," 38,101 "," 38,616 "," 513,354 "
Jan-09," 92,764 "," 60,716 "," 88,010 "," 44,162 "," 5,269 "," 24,378 "," 25,671 "," 580,673 "
Feb-09," 76,177 "," 20,554 "," 50,764 "," 19,612 "," 7,660 "," 20,364 "," 25,122 "," 408,628 "
Mar-09," 66,529 "," 47,129 "," 64,340 "," 27,155 "," 19,777 "," 41,531 "," 47,411 "," 568,586 "
Apr-09," 77,897 "," 57,540 "," 81,578 "," 42,436 "," 25,331 "," 43,371 "," 63,305 "," 626,313 "
May-09," 86,569 "," 23,575 "," 62,626 "," 25,744 "," 11,221 "," 39,191 "," 40,021 "," 485,713 "
Jun-09," 72,020 "," 8,518 "," 53,660 "," 24,068 "," 3,398 "," 49,239 "," 31,060 "," 424,427 "
Jul-09," 135,543 "," 33,813 "," 107,038 "," 46,269 "," 6,619 "," 51,047 "," 52,005 "," 632,722 "
Aug-09," 153,862 "," 61,223 "," 105,123 "," 44,663 "," 4,821 "," 35,908 "," 52,818 "," 679,586 "
Sep-09," 64,273 "," 41,733 "," 66,382 "," 29,725 "," 7,518 "," 29,330 "," 36,878 "," 535,544 "
Oct-09," 91,875 "," 56,161 "," 87,529 "," 36,641 "," 19,984 "," 43,167 "," 54,182 "," 655,481 "
Nov-09," 92,532 "," 38,731 "," 75,608 "," 29,183 "," 10,175 "," 34,492 "," 34,042 "," 565,089 "
Dec-09," 143,894 "," 32,003 "," 70,324 "," 48,511 "," 14,130 "," 39,249 "," 39,980 "," 626,896 "
Jan-10," 189,639 "," 39,775 "," 78,455 "," 27,628 "," 5,902 "," 23,244 "," 23,379 "," 640,346 "
Feb-10," 164,475 "," 83,684 "," 97,727 "," 49,871 "," 7,045 "," 25,066 "," 31,175 "," 664,982 "
Mar-10," 121,088 "," 57,532 "," 76,454 "," 32,961 "," 23,478 "," 46,296 "," 54,475 "," 709,684 "
Apr-10," 148,099 "," 97,148 "," 98,574 "," 43,767 "," 32,777 "," 45,739 "," 59,906 "," 788,212 "
May-10," 164,368 "," 65,919 "," 104,179 "," 37,954 "," 13,406 "," 42,752 "," 42,853 "," 721,348 "
Jun-10," 142,003 "," 65,432 "," 104,005 "," 44,538 "," 6,365 "," 51,091 "," 32,550 "," 677,064 "
Jul-10," 199,611 "," 124,477 "," 143,466 "," 65,775 "," 10,464 "," 48,183 "," 58,288 "," 878,582 "
Aug-10," 207,487 "," 119,821 "," 102,405 "," 48,636 "," 5,962 "," 31,688 "," 53,173 "," 802,725 "
Sep-10," 151,270 "," 73,780 "," 90,330 "," 30,376 "," 7,792 "," 31,912 "," 41,743 "," 717,756 "
Oct-10," 152,099 "," 51,940 "," 93,592 "," 26,998 "," 22,159 "," 40,163 "," 57,888 "," 727,278 "
Nov-10," 156,187 "," 25,094 "," 77,966 "," 24,314 "," 14,089 "," 33,905 "," 37,634 "," 634,818 "
Dec-10," 166,676 "," 27,050 "," 72,186 "," 40,213 "," 16,462 "," 37,208 "," 36,853 "," 648,380 "
Jan-11," 223,214 "," 47,146 "," 85,345 "," 31,301 "," 7,068 "," 25,144 "," 26,439 "," 714,099 "
Feb-11," 196,887 "," 57,498 "," 83,517 "," 46,481 "," 9,957 "," 24,712 "," 29,890 "," 679,393 "
Mar-11," 49,971 "," 14,883 "," 32,267 "," 12,127 "," 8,235 "," 22,773 "," 18,275 "," 352,676 "
Apr-11," 23,147 "," 4,948 "," 26,036 "," 4,097 "," 4,273 "," 15,886 "," 13,053 "," 295,826 "
May-11," 47,854 "," 6,181 "," 57,360 "," 9,497 "," 4,786 "," 22,040 "," 12,656 "," 357,783 "
Jun-11," 69,675 "," 26,143 "," 77,963 "," 26,068 "," 3,961 "," 31,160 "," 15,169 "," 432,883 "
Jul-11," 104,614 "," 46,736 "," 103,637 "," 37,789 "," 8,602 "," 31,943 "," 27,850 "," 561,489 "
Aug-11," 109,842 "," 54,125 "," 88,670 "," 36,017 "," 5,047 "," 25,163 "," 23,087 "," 546,503 "
Sep-11," 81,430 "," 50,308 "," 72,872 "," 25,385 "," 8,348 "," 23,160 "," 22,689 "," 538,727 "
Oct-11," 91,150 "," 52,952 "," 96,027 "," 32,219 "," 15,036 "," 32,935 "," 35,553 "," 615,701 "
Nov-11," 95,056 "," 47,762 "," 75,533 "," 30,751 "," 7,087 "," 29,457 "," 26,144 "," 551,571 "
Dec-11," 106,180 "," 44,500 "," 68,783 "," 42,041 "," 12,785 "," 33,950 "," 31,152 "," 572,101 "
Jan-12," 132,437 "," 85,648 "," 115,236 "," 45,916 "," 6,755 "," 24,273 "," 21,005 "," 681,786 "
Feb-12," 130,478 "," 34,816 "," 75,262 "," 25,857 "," 11,204 "," 21,117 "," 22,902 "," 546,451 "
Mar-12," 104,470 "," 64,391 "," 79,059 "," 33,507 "," 20,769 "," 41,311 "," 43,567 "," 676,662 "
Apr-12," 112,896 "," 93,517 "," 126,576 "," 41,507 "," 36,182 "," 42,116 "," 51,444 "," 779,481 "
May-12," 118,965 "," 61,868 "," 109,906 "," 29,547 "," 19,152 "," 41,893 "," 31,455 "," 667,046 "
Jun-12," 116,233 "," 84,275 "," 115,380 "," 41,229 "," 9,257 "," 52,678 "," 28,986 "," 682,932 "
Jul-12," 152,870 "," 156,502 "," 149,392 "," 48,593 "," 11,481 "," 45,018 "," 47,461 "," 847,194 "
Aug-12," 163,893 "," 136,544 "," 118,054 "," 41,866 "," 7,884 "," 31,747 "," 40,210 "," 774,239 "
Sep-12," 103,929 "," 55,426 "," 105,266 "," 33,203 "," 12,613 "," 29,202 "," 35,463 "," 658,239 "
Oct-12," 125,198 "," 21,041 "," 122,258 "," 30,719 "," 25,384 "," 39,930 "," 49,663 "," 705,848 "
Nov-12," 142,372 "," 13,867 "," 111,969 "," 33,219 "," 19,010 "," 35,065 "," 35,186 "," 648,548 "
Dec-12," 165,537 "," 21,311 "," 100,973 "," 42,323 "," 21,932 "," 40,272 "," 38,699 "," 689,679 "
Jan-13," 189,127 "," 18,832 "," 98,528 "," 28,481 "," 11,398 "," 26,141 "," 22,155 "," 668,610 "
Feb-13," 198,290 "," 35,438 "," 140,757 "," 54,080 "," 15,845 "," 26,390 "," 28,485 "," 729,460 "
Mar-13," 160,346 "," 33,034 "," 133,612 "," 56,154 "," 38,421 "," 50,763 "," 61,551 "," 857,024 "
Apr-13," 163,400 "," 50,135 "," 185,680 "," 51,821 "," 55,027 "," 47,159 "," 64,509 "," 923,017 "
May-13," 187,704 "," 34,431 "," 184,059 "," 56,098 "," 34,265 "," 51,188 "," 45,279 "," 875,408 "
Jun-13," 174,162 "," 59,687 "," 215,535 "," 71,515 "," 15,732 "," 59,636 "," 37,898 "," 901,066 "
Jul-13," 205,499 "," 94,829 "," 227,055 "," 82,259 "," 25,688 "," 54,346 "," 59,172 "," 1,003,032 "
Aug-13," 177,323 "," 108,458 "," 183,815 "," 69,077 "," 19,444 "," 36,477 "," 54,756 "," 906,379 "
Sep-13," 121,564 "," 86,984 "," 192,672 "," 51,889 "," 22,812 "," 36,095 "," 44,325 "," 866,966 "
Oct-13," 117,772 "," 66,814 "," 200,751 "," 58,958 "," 55,627 "," 48,426 "," 62,996 "," 928,560 "
Nov-13," 130,634 "," 55,286 "," 165,905 "," 59,186 "," 45,750 "," 40,730 "," 38,738 "," 839,891 "
Dec-13," 148,296 "," 60,809 "," 138,900 "," 69,479 "," 52,847 "," 49,417 "," 43,539 "," 864,491 "
Jan-14," 213,129 "," 99,751 "," 184,370 "," 60,691 "," 22,512 "," 34,865 "," 28,677 "," 944,009 "
Feb-14," 194,310 "," 84,378 "," 179,834 "," 61,799 "," 30,533 "," 30,546 "," 32,802 "," 880,020 "
Mar-14," 147,158 "," 112,990 "," 193,468 "," 60,689 "," 64,636 "," 54,393 "," 59,522 "," 1,050,559 "
Apr-14," 153,985 "," 136,865 "," 245,040 "," 76,135 "," 94,997 "," 62,661 "," 92,844 "," 1,231,471 "
May-14," 157,902 "," 114,860 "," 269,680 "," 67,557 "," 57,639 "," 56,888 "," 53,288 "," 1,097,211 "
Jun-14," 172,409 "," 129,587 "," 242,238 "," 74,786 "," 31,636 "," 65,395 "," 42,761 "," 1,055,273 "
Jul-14," 214,487 "," 232,589 "," 267,494 "," 87,952 "," 38,632 "," 61,296 "," 73,911 "," 1,270,048 "
Aug-14," 214,251 "," 195,474 "," 217,217 "," 72,123 "," 24,813 "," 41,585 "," 68,790 "," 1,109,569 "
Sep-14," 174,500 "," 172,693 "," 206,007 "," 66,085 "," 24,978 "," 43,550 "," 56,658 "," 1,099,102 "
Oct-14," 207,463 "," 165,758 "," 245,485 "," 73,574 "," 73,934 "," 57,189 "," 79,377 "," 1,271,705 "
Nov-14," 199,309 "," 157,109 "," 223,141 "," 81,584 "," 62,527 "," 47,805 "," 49,935 "," 1,168,427 "
Dec-14," 236,166 "," 151,518 "," 200,451 "," 103,333 "," 72,853 "," 54,902 "," 53,291 "," 1,236,073 "
Jan-15," 313,157 "," 161,873 "," 202,019 "," 84,218 "," 40,067 "," 36,741 "," 32,296 "," 1,218,393 "
Feb-15," 287,204 "," 313,728 "," 267,299 "," 106,548 "," 40,240 "," 38,534 "," 43,549 "," 1,386,982 "
Mar-15," 220,570 "," 246,011 "," 260,739 "," 112,783 "," 85,818 "," 67,718 "," 82,415 "," 1,525,879 "
Apr-15," 263,586 "," 342,726 "," 320,604 "," 116,040 "," 113,365 "," 73,311 "," 101,441 "," 1,764,691 "
May-15," 275,984 "," 325,335 "," 325,269 "," 116,963 "," 76,062 "," 67,739 "," 71,505 "," 1,641,734 "
Jun-15," 216,576 "," 411,287 "," 331,566 "," 133,416 "," 39,104 "," 79,723 "," 52,918 "," 1,602,198 "
Jul-15," 307,651 "," 519,783 "," 348,487 "," 155,323 "," 47,275 "," 77,537 "," 107,592 "," 1,918,356 "
Aug-15," 353,053 "," 521,018 "," 299,924 "," 138,122 "," 26,738 "," 52,375 "," 91,899 "," 1,817,023 "
Sep-15," 258,481 "," 410,299 "," 286,407 "," 111,284 "," 28,429 "," 52,280 "," 67,281 "," 1,612,208 "
Oct-15," 328,053 "," 378,527 "," 327,963 "," 125,002 "," 80,375 "," 68,824 "," 95,454 "," 1,829,265 "
Nov-15," 316,892 "," 304,281 "," 281,717 "," 126,683 "," 70,403 "," 62,363 "," 60,379 "," 1,647,550 "
Dec-15," 378,401 "," 303,052 "," 253,155 "," 154,182 "," 90,067 "," 72,248 "," 64,723 "," 1,773,130 "
Jan-16," 467,531 "," 397,107 "," 303,246 "," 121,213 "," 55,701 "," 49,255 "," 41,924 "," 1,851,895 "
Feb-16," 454,797 "," 433,934 "," 335,974 "," 148,417 "," 57,080 "," 46,357 "," 52,140 "," 1,891,375 "
Mar-16," 324,855 "," 409,977 "," 309,624 "," 156,539 "," 93,237 "," 91,936 "," 115,001 "," 2,009,550 "
Apr-16," 313,059 "," 447,781 "," 368,776 "," 123,430 "," 126,162 "," 90,501 "," 116,542 "," 2,081,697 "
May-16," 261,410 "," 436,244 "," 359,725 "," 136,204 "," 79,321 "," 87,703 "," 86,773 "," 1,893,574 "
Jun-16," 310,188 "," 528,731 "," 384,056 "," 159,471 "," 43,377 "," 102,938 "," 68,622 "," 1,985,722 "
Jul-16," 410,137 "," 665,255 "," 383,609 "," 181,074 "," 56,356 "," 96,480 "," 109,570 "," 2,296,451 "
Aug-16," 418,764 "," 599,740 "," 317,638 "," 156,054 "," 29,754 "," 66,182 "," 99,837 "," 2,049,234 "
Sep-16," 387,371 "," 433,254 "," 330,474 "," 126,833 "," 37,982 "," 72,482 "," 82,156 "," 1,918,246 "
Oct-16," 405,806 "," 432,721 "," 337,661 "," 149,664 "," 91,890 "," 91,904 "," 121,413 "," 2,135,904 "
Nov-16," 383,246 "," 370,212 "," 285,170 "," 148,096 "," 74,673 "," 79,101 "," 67,760 "," 1,875,404 "
Dec-16," 456,363 "," 380,169 "," 265,606 "," 186,363 "," 92,559 "," 87,628 "," 68,490 "," 2,050,648 "
Jan-17," 577,722 "," 545,424 "," 333,803 "," 181,634 "," 59,541 "," 61,630 "," 50,351 "," 2,295,668 "
Feb-17," 559,483 "," 434,355 "," 328,653 "," 136,681 "," 70,576 "," 52,547 "," 52,830 "," 2,035,771 "
Mar-17," 437,160 "," 417,718 "," 320,890 "," 159,607 "," 104,333 "," 105,418 "," 107,021 "," 2,205,664 "
Apr-17," 508,882 "," 454,866 "," 396,198 "," 205,333 "," 133,108 "," 117,121 "," 160,834 "," 2,578,970 "
May-17," 512,292 "," 443,188 "," 390,789 "," 177,089 "," 82,772 "," 99,445 "," 94,160 "," 2,294,717 "
Jun-17," 526,213 "," 528,166 "," 417,634 "," 197,876 "," 46,680 "," 116,006 "," 71,233 "," 2,346,442 "
Jul-17," 601,455 "," 709,696 "," 431,042 "," 230,557 "," 51,193 "," 106,495 "," 115,478 "," 2,681,518 "
Aug-17," 575,546 "," 736,514 "," 361,089 "," 193,109 "," 30,653 "," 69,164 "," 102,009 "," 2,477,428 "
Sep-17," 506,852 "," 582,535 "," 329,152 "," 160,522 "," 42,353 "," 74,344 "," 89,619 "," 2,280,406 "
Oct-17," 577,027 "," 585,012 "," 402,615 "," 166,272 "," 97,022 "," 98,139 "," 127,229 "," 2,595,148 "
Nov-17," 572,780 "," 499,615 "," 346,431 "," 168,353 "," 88,800 "," 88,977 "," 79,335 "," 2,378,079 "
Dec-17," 637,643 "," 510,651 "," 304,980 "," 203,727 "," 111,969 "," 97,800 "," 77,420 "," 2,521,262 "
Jan-18," 748,999 "," 534,698 "," 330,378 "," 156,025 "," 76,094 "," 63,954 "," 52,158 "," 2,501,409 "
Feb-18," 667,408 "," 654,422 "," 386,200 "," 174,792 "," 77,374 "," 61,260 "," 67,300 "," 2,509,297 "
Mar-18," 566,526 "," 493,586 "," 366,257 "," 190,785 "," 109,191 "," 124,178 "," 136,127 "," 2,607,956 "
Apr-18," 591,140 "," 604,281 "," 453,130 "," 175,585 "," 142,942 "," 122,932 "," 167,058 "," 2,900,718 "
May-18," 591,525 "," 590,436 "," 421,894 "," 186,304 "," 97,349 "," 115,026 "," 120,801 "," 2,675,052 "
Jun-18," 562,558 "," 696,490 "," 440,401 "," 201,300 "," 67,886 "," 138,541 "," 88,132 "," 2,704,631 "
Jul-18," 564,772 "," 804,282 "," 443,626 "," 222,812 "," 68,739 ","124,021"," 134,381 ","2,832,040 "
Aug-18," 548,891 "," 775,430 "," 377,324 "," 194,357 "," 41,853 ","80,001"," 123,725 ","2,578,021 "
Sep-18," 432,868 "," 553,407 "," 310,101 "," 121,657 "," 47,144 ","79,308"," 100,526 ","2,159,595 "
Oct-18," 522,000 "," 628,657 "," 359,650 "," 164,304 "," 111,063 ","115,630"," 149,027 ","2,640,610 "
Nov-18," 541,027 "," 547,650 "," 334,737 "," 162,786 "," 96,722 ","100,668"," 96,922 ","2,450,751 "
Dec-18," 640,098 "," 542,834 "," 320,388 "," 205,647 "," 124,045 ","107,451"," 79,972 ","2,631,776 "
Jan-19," 723,799 "," 654,818 "," 367,231 "," 149,767 "," 85,718 ","75,253"," 55,836 ","2,689,339 "
Feb-19," 675,023 "," 647,740 "," 383,849 "," 175,381 "," 103,045 ","72,454"," 71,229 ","2,604,322 "
Mar-19," 531,398 "," 587,480 "," 381,537 "," 166,108 "," 140,219 ","147,532"," 146,828 ","2,760,136 "
Apr-19," 521,904 "," 647,544 "," 386,461 "," 190,540 "," 159,604 ","148,005"," 211,470 ","2,926,685 "
May-19," 552,260 "," 668,757 "," 407,072 "," 184,374 "," 101,260 ","129,959"," 127,870 ","2,773,091 "
Jun-19," 568,756 "," 813,189 "," 444,467 "," 204,751 "," 56,814 ","151,928"," 101,733 ","2,880,041 "
Jul-19," 517,548 "," 973,293 "," 441,976 "," 212,590 "," 67,670 ","133,516"," 147,539 ","2,991,189 "
Aug-19," 262,847 "," 909,161 "," 401,901 "," 186,357 "," 43,631 ","93,681"," 135,723 ","2,520,134 "
Sep-19," 152,617 "," 705,154 "," 354,624 "," 150,763 "," 54,621 ","100,459"," 147,459 ","2,272,883 "
Oct-19," 155,972 "," 645,903 "," 395,168 "," 176,031 "," 138,912 ","127,454"," 204,837 ","2,496,568 "
Nov-19," 164,558 "," 676,675 "," 374,926 "," 194,857 "," 134,178 ","123,839"," 123,876 ","2,441,274 "
Dec-19," 210,261 "," 645,786 "," 332,446 "," 245,797 "," 160,472 ","124,956"," 99,419 ","2,526,387 "
Jan-20," 266,717 "," 804,901 "," 434,358 "," 214,948 "," 106,035 ","91,560"," 68,549 ","2,661,022 "
Feb-20," 115,583 "," 55,297 "," 209,853 "," 113,289 "," 94,164 ","58,899"," 67,098 ","1,085,147 "
Mar-20," 8,353 "," 4,313 "," 3,996 "," 9,326 "," 3,101 ","17,487"," 32,232 ","193,658 "
Apr-20, 35 , 65 , 77 , 7 , 13 ,179, 67 ,"2,917 "
May-20, 9 , 15 , 6 , 1 , 3 ,32, 16 ,"1,663 "
Jun-20, 3 , 25 , 4 , - , 4 ,79, 33 ,"2,565 "
Jul-20, 17 , 28 , 14 , 7 , 7 ,117, 121 ,"3,782 "
Aug-20, 23 , 74 , 23 , 1 , 7 ,140, 110 ,"8,658 "
Sep-20, 46 , 74 , 17 , 6 , 14 ,128, 92 ,"13,684 "
Oct-20, 48 , 93 , 26 , 10 , 15 ,209, 169 ,"27,386 "
Nov-20, 89 , 135 , 42 , 6 , 12 ,278, 205 ,"56,673 "
Dec-20, 123 , 136 , 48 , 15 , 13 ,417, 424 ,"58,673 "
Jan-21, 76 , 83 , 14 , 9 , 8 ,130, 96 ," 46,522 "
Feb-21, 22 , 40 , 12 , 2 , 6 ,81, 41 ," 7,355 "
Mar-21, 31 , 66 , 11 , 2 , 4 ,81, 62 ," 12,276 "
Apr-21, 55 , 110 , 19 , 6 , 10 ,208, 175 ," 10,853 "
May-21, 43 , 92 , 29 , 9 , 25 ,287, 295 ," 10,035 "
Jun-21, 107 , 102 , 29 , 8 , 6 ,414, 611 ," 9,251 "
Jul-21," 1,023 "," 2,225 ", 259 , 202 , 137 ,"4,614"," 22,044 ","51,055 "
Aug-21, 351 , 662 , 75 , 79 , 181 ,935," 6,556 ","25,916 "
Sep-21, 72 , 89 , 37 , 15 , 39 ,229, 317 ,"17,720 "
Oct-21, 123 , 143 , 52 , 30 , 27 ,422, 816 ,"22,113 "
Nov-21, 155 , 151 , 40 , 9 , 32 ,428, 405 ,"20,682 "
Dec-21, 31 , 88 , 13 , 6 , 23 ,164, 159 ,"12,084 "
Jan-22,62 ,160 ,22 ,17 ,19 ,75, 110 ,"17,766 "
Feb-22, 55 , 120 , 43 , 20 , 18 ,181, 200 ,"16,719 "
Mar-22,194 ,271 ,87 ,27 ,101 ,697 ,"1,065 "," 66,121 "
Apr-22,381 ,325 ,99 ,32 ,148 ,"1,061 ","1,965 "," 139,548 "
May-22, 425 , 501 , 116 , 44 , 129 ,"1,777"," 1,756 "," 147,046 "
Jun-22," 1,081 ", 892 , 214 , 82 , 282 ,"3,401 "," 2,213 "," 120,430 "
Jul-22," 6,392 "," 1,461 ", 644 , 233 ," 2,244 ","5,099 "," 5,459 "," 144,578 "
Aug-22," 8,715 "," 1,972 ", 777 , 373 ," 1,847 ","4,165 "," 4,649 "," 169,902 "
Sep-22," 10,139 "," 1,924 ", 769 , 958 ," 2,808 ","5,697"," 5,583 "," 206,641 "
Oct-22," 100,470 "," 3,964 "," 27,889 "," 34,216 "," 29,617 ","37,072"," 31,220 "," 498,646 "
Nov-22," 293,344 "," 8,796 "," 91,896 "," 81,008 "," 48,390 ","70,219"," 41,490 ","934,599 "
Dec-22," 437,570 "," 22,466 "," 163,739 "," 139,621 "," 80,463 "," 99,693 "," 49,822 ","1,370,114 "
Jan-23,"539,375 ","15,010 ","249,062 ","149,518 ","59,161 ","73,154 ","40,107 ","1,497,472 "
Feb-23," 548,770 "," 11,988 "," 240,815 "," 117,024 "," 69,896 "," 75,610 "," 50,774 ","1,475,455 "
Mar-23,"436,183 ","24,397 ","266,186 ","140,995 ","102,555 ","186,329 ","129,635 ","1,817,616 "
Apr-23,"443,914 ","57,792 ","282,026 ","150,208 ","116,544 ","170,589 ","165,616 ","1,949,236 "
May-23,"486,223 ","78,769 ","291,185 ","151,318 ","75,890 ","167,934 ","124,788 "," 1,899,176 "
Jun-23,"522,048 ","164,471 ","378,780 ","183,483 ","47,438 ","213,591 ","92,194 "," 2,073,441 "
Jul-23," 603,122 "," 259,775 "," 412,027 "," 213,712 "," 45,754 "," 184,336 "," 144,815 ","2,320,694 "
Aug-23," 540,959 "," 284,411 "," 383,880 "," 202,911 "," 28,544 "," 122,898 "," 134,827 ","2,157,190 "
Sep-23," 540,704 "," 240,126 "," 371,132 "," 147,515 "," 45,165 "," 140,502 "," 133,919 ","2,184,442 "
Oct-23," 600,998 "," 188,541 "," 410,414 "," 175,511 "," 119,502 "," 193,998 "," 180,521 ","2,516,623 "
Nov-23," 620,231 "," 204,486 "," 390,623 "," 197,019 "," 109,826 "," 169,383 "," 122,432 ","2,440,890 "
Dec-23," 757,696 "," 269,957 "," 388,567 "," 248,105 "," 122,486 "," 172,056 "," 89,913 ","2,734,115 "
Jan-24,"821,971 ","325,521 ","474,810 ","182,289 ","85,460 ","113,870 ","63,235 ","2,688,478 "
Feb-24," 792,173 "," 392,159 "," 489,092 "," 202,534 "," 97,764 "," 136,225 "," 97,758 ","2,788,224 "
Mar-24," 628,059 "," 359,995 "," 468,420 "," 226,880 "," 126,021 ","272,462"," 246,558 ","3,081,781 "
Apr-24,,,,,,,,"3,042,900 "
May-24,,,,,,,," 3,040,100 "
Jun-24,,,,,,,,
Jul-24,,,,,,,,
Aug-24,,,,,,,,
Sep-24,,,,,,,,
Oct-24,,,,,,,,
,,,,,,,,
,,,,,,,,
,,,,,,,,
,,,,,,,,
,,,,,,,,
,,,,,,,,
,,,,,,,,
,,,,,,,,
,,,,,,,,
,,,,,,,,
,,,,,,,,
,,,,,,,,
,,,,,,,,
,,,,,,,,
,,,,,,,,
,,,,,,,,
,,,,,,,,
,,,,,,,,
,,,,,,,,
,,,,,,,,
,,,,,,,,
,,,,,,,,
,,,,,,,,
,,,,,,,,
,,,,,,,,
,,,,,,,,
,,,,,,,,
,,,,,,,,
,,,,,,,,
,,,,,,,,
,,,,,,,,
,,,,,,,,
,,,,,,,,
,,,,,,,,
,,,,,,,,
,,,,,,,,
,,,,,,,,
,,,,,,,,
,,,,,,,,
,,,,,,,,
,,,,,,,,
,,,,,,,,
,,,,,,,,
,,,,,,,,
,,,,,,,,
,,,,,,,,
,,,,,,,,
,,,,,,,,
,,,,,,,,
,,,,,,,,
,,,,,,,,
,,,,,,,,
,,,,,,,,
,,,,,,,,
,,,,,,,,
,,,,,,,,
,,,,,,,,
,,,,,,,,
,,,,,,,,
,,,,,,,,
,,,,,,,,
,,,,,,,,
,,,,,,,,
,,,,,,,,
,,,,,,,,
,,,,,,,,
,,,,,,,,
,,,,,,,,
,,,,,,,,
,,,,,,,,
,,,,,,,,
,,,,,,,,
,,,,,,,,
,,,,,,,,
,,,,,,,,
,,,,,,,,
,,,,,,,,
,,,,,,,,
,,,,,,,,
,,,,,,,,
,,,,,,,,
,,,,,,,,
,,,,,,,,
,,,,,,,,
,,,,,,,,
,,,,,,,,
,,,,,,,,
,,,,,,,,
,,,,,,,,
